"k13_median","k13_mediansd","k13_sd","dhps_median","dhps_mediansd","dhps_sd","access","hpop","temp_suit","pfpr","npixel","lon_centroid","lat_centroid","shp_index","district","state"
0.0880688882392386,0.00570309813839722,0.0949784034620161,0.164846056829328,0.0111651476477445,0.265798676273097,0.0105979708136365,2.36140234927314,0.359230297415153,0.000265339834858542,23,93.7970651520372,24.5119560726124,76,"BISHNUPUR","MANIPUR"
0.0140644213634318,0.00277085825788431,0.0521125854603175,0.156482317221576,0.00503373064780214,0.270574507220038,0.023252432070311,2.56768492302546,0.385703354662862,0.00286705014691977,145,86.0360703505743,23.6987605260305,77,"BOKARO","JHARKHAND"
0.0124291707692599,0.000264665212171546,0.0485183224909835,0.0824371036280084,0.00894722336335113,0.241516741503168,0.00649633914739776,1.91865501631428,0.543949501519954,3.50055706217512e-07,270,77.0900486063561,11.9543024330475,82,"CHAMARAJANAGAR","KARNATAKA"
0.0264027601893927,0.00643000225249418,0.0487960100906088,0.27663916504452,0.0311520169821723,0.282491813505316,0.00104531028467107,1.3732319610449,0.26961428729139,0.000741920241416086,173,93.2196545359843,23.5437159471143,85,"CHAMPHAI","MIZORAM"
0.117115505618378,0.0180797616807094,0.111371923852893,0.217135814787115,0.0160617091536771,0.277510704056731,0.00179367135962214,1.36939300120127,0.279248608637927,0.000778921512641029,103,93.9949347883643,24.1603049639329,87,"CHANDEL","MANIPUR"
0.0141998376292379,0.000307622369790856,0.0498031882164271,0.0897026302805845,0.00831898377572294,0.230038401398106,0.00955609973950777,1.96645359780239,0.457435992273731,1.73835383376581e-05,345,75.7211953152176,13.4060980137867,94,"CHIKKAMAGALURU","KARNATAKA"
0.0668429094948806,0.0118008448644316,0.082474427181296,0.189177809632383,0.0173953286070021,0.269515251042321,0.00234470658236734,1.43858949679754,0.300956377468538,0.00132954878820613,128,93.6209911362461,24.2771513514009,99,"CHURACHANDPUR","MANIPUR"
0.0201700928931435,0.00243455730103919,0.0631573744473003,0.144303279618422,0.0087687759825908,0.266527956156504,0.0430205858840984,2.60068612765169,0.396426652442841,0.00403063702051007,105,86.4696859932228,23.8448058236993,118,"DHANBAD","JHARKHAND"
0.0193645564286271,0.00249034190356153,0.0704999843728729,0.149381656083278,0.00551540025263759,0.266992933349684,0.00843472753464364,2.71986683872022,0.400295204250142,0.0125179223409759,128,87.0409613927862,24.4127260338208,121,"DEOGHAR","JHARKHAND"
0.0230696084327064,0.00181463318084518,0.07246113428846,0.139344920792306,0.00847095296509429,0.258455708467712,0.00707874267612839,2.43732159624409,0.418841224629432,0.00313136659244743,192,87.295972647881,24.315901395069,126,"DUMKA","JHARKHAND"
0.0137403166722939,0.00203876386972568,0.0623583577631056,0.16152027561221,0.00371921051295863,0.274023532867432,0.00767970984640988,2.59114357939535,0.386789611259172,0.00781066941154966,258,86.1237265398274,24.3316269984874,150,"GIRIDIH","JHARKHAND"
0.0176434693291135,0.00132642246213661,0.0716765760079674,0.163832789400349,0.00586107087847032,0.266651340152906,0.00808511953830289,2.57268485476988,0.421823225332343,0.000828047150486347,115,87.2955248924603,24.8642238226926,151,"GODDA","JHARKHAND"
0.0140985798090696,0.000302152504905477,0.0507402640351882,0.0924231215623709,0.00504227744727356,0.23257401072062,0.0169835352497448,2.24221960146039,0.480834196301607,1.34311525410636e-05,325,76.0941310218988,13.0301890831506,166,"HASSAN","KARNATAKA"
0.0877089589261092,0.008586196045559,0.0942000336945057,0.140135942743375,0.0120255389013874,0.261688377994757,0.028068728040796,2.65085142550421,0.362395851657941,5.30698856052298e-05,26,93.877578809248,24.8140681052205,172,"IMPHAL WEST","MANIPUR"
0.024891328147572,0.00262707392365422,0.070407450037158,0.132589331949535,0.00730136801520157,0.258979097494613,0.0160762831011353,2.48366781402833,0.405576536836831,0.00859542726140182,92,86.881218397885,23.9810336299639,181,"JAMTARA","JHARKHAND"
0.0155439600736524,0.000283692169259443,0.0494778920223729,0.118018275333775,0.0026823432202276,0.245942082980441,0.00659384262325938,2.70416465101551,0.726191177136368,1.61067847695984e-05,144,75.5537002943491,11.987895820007,200,"KANNUR","KERALA"
0.0149930537191366,0.000302986784310325,0.0484340079885146,0.107287887880947,0.00424504749622619,0.241487198145256,0.00551200083379104,1.88707740125567,0.43532644227374,1.31626758381827e-06,197,75.7774460206473,12.3828142577177,217,"KODAGU","KARNATAKA"
0.014645436476614,0.000381618810188661,0.0508556214270291,0.113997840398067,0.00319255705792297,0.250397168167003,0.0217755320220226,2.85624386894813,0.722693476322535,1.84891557160961e-05,111,75.8411154550753,11.4648522903476,228,"KOZHIKODE","KERALA"
0.0233605722896755,0.00325769169681934,0.0869702566415071,0.112144401296973,0.00290045049613665,0.264476716518402,0.0168747657421289,2.15573702692585,0.746814742684364,1.69799682101512e-05,4,72.9324733611525,9.98508920087626,233,"LAKSHADWEEP","LAKSHADWEEP"
0.013655001460983,0.000515471041196238,0.0495226779919967,0.10504089622644,0.00260876100067204,0.252634588912217,0.0105407810574494,2.82148646494011,0.677466225772225,1.80618270245392e-05,171,76.1875088404839,11.1070575007919,243,"MALAPPURAM","KERALA"
0.0155097646638751,NA,0.0675775185227394,0.169365480542183,NA,0.268128633499146,0.0131578947368421,2.89597654575979,0.444768846035004,9.53868493525079e-07,1,87.8081534824186,25.2290465239137,244,"DISPUTED (SAHIBGANJ, MALDAH & KATIHAR)","DISPUTED (WEST BENGAL , BIHAR & JHARKHAND)"
0.0134282862149304,0.000396229750542264,0.0519539338669607,0.0842760562771509,0.00555118873078741,0.234340328566667,0.0199788087352648,2.33459502639339,0.567196354144762,1.38812586243898e-06,238,76.8316840630592,12.6366238714588,246,"MANDYA","KARNATAKA"
0.0133808341759276,0.000641704081422906,0.0498554247820022,0.0966981746848451,0.00588211123026149,0.240955909208351,0.0156960771898969,2.31192866234261,0.552008966341713,1.76857682890858e-06,302,76.5214818966317,12.1969353681472,259,"MYSURU","KARNATAKA"
0.126026075422054,0.00338839345011073,0.21792076811904,0.121021884449181,0.000582634406157157,0.282164089736484,0.00168472021805737,0.649598591454104,0.797528275421688,0.00349141915843691,84,93.3325026771828,8.00585244990464,269,"NICOBAR","ANDAMAN & NICOBAR"
0.104133179578596,0.00450830129586518,0.178723147529328,0.135472740777238,0.00510514973897529,0.283425593269085,0.000751210964735558,0.988242694456711,0.790759966401997,0.00288317881557448,167,93.4571261916117,12.8701412966647,273,"NORTH & MIDDLE ANDAMAN","ANDAMAN & NICOBAR"
0.021056059996287,0.00178833347683235,0.0710463221702311,0.148831611043877,0.00777201914461579,0.25840106871393,0.00675223236444463,2.47459713006121,0.433194476034906,0.000354403403461371,90,87.6523767485752,24.5327674289983,279,"PAKUR","JHARKHAND"
0.0127879065901407,0.000164419547198765,0.0532416544991768,0.0691150521025336,0.00299025591436422,0.230238890172514,0.00928161171391548,2.27762682274227,0.568591819950408,2.37782499177179e-06,163,77.3514343020092,12.7201017878222,305,"RAMANAGARAM","KARNATAKA"
0.0169078381323631,0.00103918013365369,0.0695727292382926,0.165474773368292,0.00345051460392144,0.2658428500096,0.00834987918204268,2.58715611703186,0.441647928012045,0.000120239461604299,114,87.70867096554,25.031939601874,316,"SAHIBGANJ","JHARKHAND"
0.01464148007515,0.000310655022141342,0.0523412597342962,0.0794482168446227,0.00928128973843369,0.230386677238999,0.0177782412356773,2.00285859098983,0.571130694703358,0.00010158947907292,410,75.2519860281636,14.0560085817095,334,"SHIVAMOGGA","KARNATAKA"
0.109352559602561,0.00394242915236022,0.187567724274988,0.126419202307192,0.00206261798728809,0.282296646793349,0.000657849479174545,1.02815082389147,0.784815298409021,0.00167494533492677,119,92.6604226937129,11.4152296085622,349,"SOUTH ANDAMAN","ANDAMAN & NICOBAR"
0.012554482537477,0.000432359494872019,0.0530893485217045,0.0640822668404629,0.000931059922506101,0.235682166647166,0.00605579744531246,1.98110108017116,0.711012218768398,0.00123033110193986,96,74.0597962065768,15.1946032976385,351,"SOUTH GOA","GOA"
0.0127123810259074,0.00100440932507245,0.0475147816182022,0.0977211770352343,0.00248307275241418,0.257074053438616,0.0274078764727417,2.73495378432449,0.708326882669624,2.22633292410016e-05,142,76.428682043451,10.4788075624959,364,"TRISSUR","KERALA"
0.0139719206814184,0.00042810665755465,0.0576526705973392,0.0673303229035353,0.00868579582394305,0.218384033014123,0.0146330425660012,2.24499164858647,0.551502820082404,1.76555442900877e-05,509,76.9316498606617,13.5438519170635,367,"TUMAKURU","KARNATAKA"
0.0145653937437705,0.000405029117411509,0.046379709392786,0.106352706338678,0.00867843565131739,0.235293987393379,0.0219609907552321,2.24054285452012,0.717518268823624,0.000751209740906639,175,74.893892508767,13.526836662247,370,"UDUPI","KARNATAKA"
0.0140835170649173,0.000650881145272329,0.0540770896774555,0.0650603425225266,0.00554899934759916,0.232819365224375,0.00688941812134026,1.76071988186473,0.64659361722257,0.000586324448331146,494,74.5784570166429,14.7251014875196,376,"UTTARA  KANNADA","KARNATAKA"
0.0139080436605186,0.000530172417234782,0.0496758920795257,0.108344580498662,0.00370883802860288,0.247526056990765,0.00591228346428675,2.35772704138939,0.469321822378747,6.64709639822421e-06,101,76.1080523137554,11.7151438629674,383,"WAYANAD","KERALA"
0.103625860863498,0.00943358662596453,0.101549565525992,0.146885528096131,0.00885867070133366,0.264541734542166,0.0623471549930979,2.62268600217375,0.36118342887078,0.000778810063950784,28,94.0185313562044,24.85874715352,430,"IMPHAL EAST","MANIPUR"
0.0339382197707891,0.00162091202095645,0.0536600286141038,0.138056163210422,0.0115161423465608,0.252918575890362,0.00624063461900137,1.78576189932041,0.517346277832985,0.023842560563935,16,93.156617093376,24.7049272087311,431,"JIRIBAM","MANIPUR"
0.0674213515245356,0.0104731864065664,0.0840157312806696,0.462042858451605,0.00733134579329594,0.304948636889458,0.000473465906320231,0.156174471876818,0.0301670459928573,3.91130946558134e-06,320,96.8876317901584,28.036223218561,450,"ANJAW","ARUNACHAL PRADESH"
0.0157353853446341,0.00120403246821843,0.0710345632606937,0.157954089776162,0.00322370992846105,0.271152446539171,0.0111043314103723,2.70428604302891,0.39106725108239,0.00103016149275185,155,86.8311558811323,24.831769261936,455,"BANKA","BIHAR"
0.0296993720578701,0.00455049308023012,0.0606002951046232,0.0901095739187356,0.0129266904203028,0.231915224912531,0.0189060030294212,2.57381125108001,0.434520595355405,0.000761864367548006,347,87.1866151266186,23.1322799331426,456,"BANKURA","WEST BENGAL"
0.0256979517114593,0.00273262866352157,0.0576049389721323,0.0793574860624034,0.0132970156744485,0.216434360400352,0.0222511620573691,2.77389329692574,0.472630615130123,0.000239920107297646,263,87.9450949733601,23.388418519394,457,"PURBA BARDDHAMAN","WEST BENGAL"
0.0138785964984419,0.000615208812729992,0.0696838893052331,0.172630966381919,0.00609317258997939,0.272937305215606,0.0351563705709707,2.95817967610344,0.402952289222775,6.60419083617295e-05,133,87.0951645284729,25.2864771791704,462,"BHAGALPUR","BIHAR"
0.0267435751107131,0.00239026186121073,0.0694140133758386,0.118335391880355,0.0117047222783165,0.243241071955771,0.0109591163597985,2.74175501470325,0.436177503222074,0.000481244305290555,234,87.5558893624297,24.0617778336385,467,"BIRBHUM","WEST BENGAL"
0.0526677931515643,0.02211696992463,0.0617425854102923,0.419339088637095,0.0443304172841532,0.301552069416413,0.000852238146486146,0.952435659954603,0.240754133133361,0.000420195519537436,260,96.3999021803874,27.2822645949523,472,"CHANGLANG","ARUNACHAL PRADESH"
0.0140798817267237,0.000653737140634532,0.0581475004553795,0.175882104816644,0.00273364417432111,0.267635054432827,0.0187891158219405,2.77647112856202,0.487554898210194,2.12852612944319e-05,115,88.5873530287366,25.3859647744905,473,"DAKSHIN DINAJPUR","WEST BENGAL"
0.0442688288479397,0.00432223441055036,0.0682886078571662,0.407154015359089,0.0196112796218669,0.30324027247918,0.000350356658394999,-0.601832343768064,0.025002094758105,2.45437913889141e-06,507,95.926870625083,28.8925346768488,477,"DIBANG VALLEY","ARUNACHAL PRADESH"
0.0443734193382704,0.00500216607224274,0.0614583161862,0.082572083434333,0.00873650969439342,0.239746790865193,0.00234325164774355,1.48800755608272,0.340862206061897,0.000216081064100296,92,93.6530032396124,25.4844128068754,478,"PAREN","NAGALAND"
0.0132720468945469,0.00115193538070373,0.0673160669720097,0.161203626519555,0.00213221965377603,0.275457685160789,0.00703865153806613,2.61679721327646,0.372645976247302,0.00256944220700529,157,86.220204841453,24.7558275308802,504,"JAMUI","BIHAR"
0.0130491099970521,0.000949956846821966,0.0660668797791004,0.174449177564315,0.0030328436235209,0.272335118655139,0.0247439830997966,2.91302408550801,0.444823569096859,6.71081454954968e-06,159,87.6384337236911,25.5585950559877,511,"KATIHAR","BIHAR"
0.101741298030202,0.0130033484208868,0.101253608958079,0.160464476937285,0.0114930352632462,0.27184427730166,0.00317119696087317,1.66308220096718,0.147344390396029,0.00064678299278401,104,94.4291528058245,25.316678919076,515,"UKHRUL","MANIPUR"
0.0785935077163362,0.00887309621297226,0.0858890956517347,0.17001468265794,0.0211948563943408,0.274739788057878,0.00143198663520806,1.52055089757355,0.161629073878693,0.000105534185477115,97,94.5422283172355,25.6531271554456,516,"PHEK","NAGALAND"
0.0207488826340717,0.000794412606966691,0.0468153395077102,0.233045589720082,0.0235942515971998,0.283378096854585,0.00030750639399934,0.760436521605584,0.0690035986172784,1.60423886334626e-07,234,93.1419238409043,27.980834418894,522,"KURUNG KUMEY","ARUNACHAL PRADESH"
0.0469226000471885,0.00716501791843959,0.060345487241049,0.455769484272655,0.011179659654883,0.30181892299504,0.000859980410984847,0.722258609000151,0.220577877026445,0.000151981215047007,161,96.2466967123055,27.9780791369635,526,"LOHIT","ARUNACHAL PRADESH"
0.0387456080822087,0.00418795567000956,0.0543859611270289,0.433167854314128,0.0235398312040232,0.299850742810618,0.000704938170838188,0.57400877872523,0.228590419732784,0.000895329916607764,189,95.8417998269491,28.2176690172935,527,"LOWER DIBANG VALLEY","ARUNACHAL PRADESH"
0.0162807176474165,0.00122994083274787,0.0653196181507504,0.167216523134328,0.00459563429525954,0.265436759495989,0.0205430070616455,2.92577428139428,0.456368875154789,4.96138965479592e-05,188,88.1139242929899,25.097508178276,534,"MALDAH","WEST BENGAL"
0.0450917541980743,0.00406467861703145,0.059522382871193,0.143572069529225,0.0123427924297079,0.272190287533928,0.00216217580512666,1.60247047956648,0.417683627324946,0.000167996188040868,85,94.1718044579652,26.241473258863,539,"WOKHA","NAGALAND"
0.0121267188576535,0.00078853503186465,0.0684941512807994,0.158021473758657,0.00200049072935074,0.276251491106732,0.0282683347391392,2.76922535726134,0.38004970928313,0.000129748828446092,71,86.4991816927014,25.2203326520684,542,"MUNGER","BIHAR"
0.0228147110918584,0.00126674334454252,0.0639004182971557,0.126954385304709,0.0100857811644766,0.243974916771431,0.0240896933132756,3.00939978949526,0.453337488729601,7.99124604682737e-05,277,88.2814278050686,24.2900446364023,543,"MURSHIDABAD","WEST BENGAL"
0.0216819003783166,0.00166086732990587,0.0518970044888556,0.0897508917562663,0.0196200260787183,0.217856292426586,0.0368009952165193,2.9617078493022,0.463989503532648,8.19572112186506e-05,200,88.4678873858561,23.4849797290617,545,"NADIA","WEST BENGAL"
0.0196684579716015,0.00469706175988255,0.0546921237351553,0.124914321711873,0.0148788060832501,0.258069555939544,0.0191191002776412,2.55604338153389,0.402263458829803,0.00234416201364413,321,86.3630032120453,23.20209951869,572,"PURULIYA","WEST BENGAL"
0.0735423481993137,0.010174415810123,0.0841660378600961,0.129138718208959,0.0145840987634021,0.261558088083421,0.00415926904132095,2.129906318936,0.155944555777536,0.000572967720619354,93,94.1251543588796,25.3922969544085,587,"SENAPATI","MANIPUR"
0.012585920932512,0.000289213333192588,0.0554652179490371,0.0663552976037604,0.00132198981609443,0.233604923189883,0.00639360879642329,2.03331943384988,0.693243153243658,0.000218775974655948,249,73.7598977506653,16.1357170342822,590,"SINDHUDURG","MAHARASHTRA"
0.0506498328634078,0.00905237139915504,0.0690960135263733,0.105763541275187,0.0112905143558276,0.247288022614733,0.0021728267849213,1.38758463065041,0.331116152573612,0.00252048129766967,158,93.5485884812337,25.0641440508167,599,"TAMENGLONG","MANIPUR"
0.116968438774347,0.00848799158987138,0.108773887529969,0.173031365126371,0.00789424647004997,0.268736861646175,0.0196536534020257,2.67757481026343,0.369456185400486,0.00011079266841989,20,94.0187066970666,24.6148391010115,603,"THOUBAL","MANIPUR"
0.14315988312638,0.0130649272839345,0.11877919981877,0.177950302641543,0.0104398405504276,0.274607313057733,0.00213352631433933,1.25379928786369,0.305545904259715,0.000572074642043032,126,94.4395966713899,24.7947635998941,605,"KAMJONG","MANIPUR"
0.0343335298666967,0.00168555443078585,0.0579649451914248,0.391844544045174,0.0184935420724734,0.298630744301153,0.000606891915071094,0.137924299677206,0.10436832609468,2.4474546030148e-06,362,94.8005826849199,28.7522006940701,606,"UPPER SIANG","ARUNACHAL PRADESH"
0.0265741177613852,0.00137983283917771,0.050609577285675,0.321945461320739,0.0247966668799358,0.291656744704081,0.000724230610996934,0.701002291555649,0.116560123706065,5.17687735587114e-06,346,93.887643513445,28.2325484948663,607,"UPPER SUBANSIRI","ARUNACHAL PRADESH"
0.0124273746375256,0.000688997307343608,0.0585826681630247,0.18149587445578,0.00586381621837187,0.273361503888088,0.0179556433097997,2.86282434912759,0.476403464177612,9.1081475943144e-06,157,88.1660972590384,25.8720786298352,608,"UTTAR DINAJPUR","WEST BENGAL"
0.0282642188812456,0.00130303606235665,0.046824219766804,0.334132045507431,0.0316536641588873,0.292529896702818,0.00146536431939792,0.696813601504442,0.39774907115967,0.000286641527825958,93,94.6734217892024,27.8028398705367,615,"LOWER SIANG","ARUNACHAL PRADESH"
0.0418960385556732,0.00448528020444379,0.0593462613899083,0.0957801883064565,0.012892566504083,0.249199463143235,0.0242506818740931,2.06950017256757,0.435050962492824,5.15647221062649e-05,42,93.7670951907064,25.792379315708,618,"DIMAPUR","NAGALAND"
0.0545608126239417,0.0055268647241491,0.0693579535574129,0.129731830668776,0.0101331953945528,0.263142344478059,0.0041689911053293,1.71885093006912,0.224030303500899,1.62033628272576e-05,73,94.0868606736736,25.7703906402077,619,"KOHIMA","NAGALAND"
0.0776358589786908,0.00792359831203115,0.0832919189385299,0.189357205968479,0.0109627521557524,0.282245377528256,0.000813760106193933,1.35298409694682,0.168891154036954,2.22439912306851e-05,58,94.8099211062879,25.8115752879519,620,"KIPHIRE","NAGALAND"
0.0588473409046362,0.00638051960051388,0.0708915875925694,0.16384684174885,0.0088098190277975,0.276364207267761,0.00127948989579787,1.64817978992389,0.217900646344563,1.96426801949903e-05,81,94.4710582476899,26.0127979970904,621,"ZUNHEBOTO","NAGALAND"
0.0413022380231357,0.00402484058808496,0.056908077037916,0.197791935467139,0.0174136810417091,0.280207897468311,0.00229430508925519,1.62291921869483,0.393238191651862,0.00111041014110924,82,94.5234024367193,26.478461944915,622,"MOKOKCHUNG","NAGALAND"
0.0409954401903448,0.00575105429964097,0.0522359767846302,0.23990858682489,0.014506363453395,0.28987445451517,0.00151674848100581,1.73704651956548,0.336035241208048,0.00639079119282929,113,95.0104201789721,26.6602772684924,623,"MON","NAGALAND"
0.0608442142881729,0.00822938773943867,0.0706726921101411,0.207543392700178,0.016800316720939,0.284978200440054,0.00110008012849306,1.6332622829412,0.148929981178501,0.000330183110849934,108,94.8725596519787,26.1562705767151,624,"TUENSANG","NAGALAND"
0.0213930533917726,0.000612470711909622,0.0462013757524063,0.246620819675473,0.0221125540492832,0.278917223496257,0.00070814382070408,1.25167879363556,0.14758334120841,1.0614854136048e-06,106,93.818601072468,27.6149024166007,626,"LOWER SUBANSIRI","ARUNACHAL PRADESH"
0.04204282224659,0.00352961806925209,0.0560028160050992,0.219651008805921,0.00308360059860505,0.284383654594421,0.00170918455102803,1.46765433671986,0.348617828541225,0.0019076024299495,31,94.7915033260697,26.5841153881703,627,"LONGLENG","NAGALAND"
0.053350051113388,0.00909905745808405,0.0715635899258287,0.13878987363556,0.0118175018333078,0.256703246580927,0.00207881216140148,1.32218775728838,0.387116032080692,0.00248319898648269,57,93.4331868536833,24.6704450929047,628,"NONEI","MANIPUR"
0.039056951482151,0.00751063436501245,0.0578515369545769,0.176142472807352,0.0128442533580462,0.265583124515173,0.0018390923964188,1.20540049602408,0.430239466128049,0.0050556599628553,111,93.2328924242585,24.3011650907168,629,"PHERZAWL","MANIPUR"
0.157445386052132,0.0147512455966209,0.125172361615114,0.194553581997752,0.00886413175066077,0.275845103431493,0.00439276340498533,1.4826522976276,0.358341198181733,0.00126867846949885,64,94.2138422305971,24.3749237327713,630,"TENGNOUPAL","MANIPUR"
0.083795586129628,0.0190682266647752,0.0917834955525686,0.132474450641368,0.0161129201659055,0.260151287159288,0.00598348254371606,1.87728088839685,0.216823124668999,0.000913944921325836,83,93.9310650947464,24.9950448483592,631,"KANGPOKPI","MANIPUR"
0.104060998186469,0.00682434585538121,0.104421290569007,0.186100782826543,0.00642649409283878,0.270605202764273,0.00885343135186967,2.49802558216041,0.374926848337054,0.00020544562721625,16,93.9426095100152,24.3970253736388,632,"KAKCHING","MANIPUR"
0.0304220843864115,0.00185358535256461,0.0693107171278251,0.11266564326851,0.0105016179412689,0.243643635354544,0.0655281771050716,2.89855144482384,0.425749130625474,0.000794460367347041,95,87.1886867828077,23.6002803309018,635,"PASCHIM BARDDHAMAN","WEST BENGAL"
0.0310517305029872,0.000723538777749049,0.051715772130776,0.392246033487424,0.00944717173172066,0.295797292326317,0.000859926453778623,0.632923681173335,0.222854530011289,8.30646819774541e-06,183,94.8370155080505,28.4777859832783,638,"SIANG","ARUNACHAL PRADESH"
0.030152161553916,0.000564198464907443,0.0494148746236331,0.372554181350602,0.00673910910669598,0.293687824159861,0.000838437245089124,1.02435770449831,0.248106413003471,3.90588314323913e-05,72,94.6501580347971,28.1947457440556,639,"WEST SIANG","ARUNACHAL PRADESH"
0.0291748956623052,0.00106595048205506,0.0545587676624171,0.359078924861743,0.0105499538643419,0.296076996077737,0.000528485075821522,0.323997073962006,0.0182297273853914,1.22480800054368e-06,139,94.264336072715,28.6865433896577,640,"SHI YOMI","ARUNACHAL PRADESH"
0.0280978920869529,0.000578583438370532,0.0475212690420449,0.357241617888212,0.0101140728644957,0.293508353829384,0.00112497048856452,0.837630241824878,0.295401535741985,1.85496438923849e-05,40,94.7052580961238,27.9175147427405,641,"LEPA RADA","ARUNACHAL PRADESH"
0.0227522092083326,0.00150123387499331,0.0480881929806956,0.282067552536398,0.0231267948009833,0.286275520757004,0.000472369821131411,1.28624993677969,0.163463456331046,6.27605742516273e-07,91,93.6966273249028,27.9436155155567,643,"KRA DAADI","ARUNACHAL PRADESH"
0.0360625848706279,0.00388093832283958,0.0476180173456669,0.421937264714922,0.0191919163362361,0.29951337490763,0.00102861162358867,1.47821640967659,0.43379776605538,0.00241699833046109,70,96.0319724781451,27.7102588266404,644,"NAMSAI","ARUNACHAL PRADESH"
0.0244808887493693,0.00149161878600635,0.0477199156044258,0.292243286967278,0.0132205070585435,0.285021964874532,0.00113752478031071,0.90664805046593,0.247467285837047,2.26673925673992e-06,72,94.0993274990099,27.7395352192225,645,"KAMLE","ARUNACHAL PRADESH"
0.0327568563964518,0.00115474071337858,0.0465881883156026,0.399248887410109,0.00673827946418294,0.296744765906498,0.00129750761847655,1.32137964273283,0.407450414851479,0.00170524864465629,87,95.318669193473,28.0691638765357,668,"EAST SIANG","ARUNACHAL PRADESH"
0.012495286345225,0.000394532261498227,0.0473564875087348,0.096280365154661,0.00429345043172921,0.248592959138854,0.00600323605088638,2.1636511547574,0.218540504390117,1.2020483099635e-06,116,76.6226494810888,11.4463300295046,683,"NILGIRIS","TAMIL NADU"
0.0289627807996883,0.00149732569467706,0.045694507089735,0.319536132666901,0.041454645963363,0.291724208884567,0.00235245699739596,2.22430923338725,0.471988282813371,0.00112394889785215,131,94.8622977517325,27.5939578915082,720,"DHEMAJI","ASSAM"
0.0307512003242787,0.0061978298265448,0.049627958676932,0.127897540164506,0.0143174542523873,0.267336469669284,0.00740400130697181,2.3922051934584,0.480604200823907,3.42228907760483e-05,163,93.7323669412514,26.3006701910121,725,"GOLAGHAT","ASSAM"
0.0320130842543828,0.00300350553029105,0.051312404878748,0.185287033518155,0.0217643561913862,0.277704864740372,0.00489597239317365,2.50321140557189,0.47952518829455,0.000311332007112715,96,94.2872969646916,26.6502067128488,728,"JORHAT","ASSAM"
0.0249584305364593,0.00182173708022965,0.0471216715688323,0.231702641388516,0.0296412195340948,0.275179118469909,0.00258435866557292,2.3918142454297,0.475636073652609,0.000242596733147558,162,94.1633775157574,27.1712733641747,734,"LAKHIMPUR","ASSAM"
0.0266258928384031,0.000929183494515885,0.0481327493344584,0.198480294116082,0.0297240498413782,0.275436317247729,0.00341878040215839,2.02633618162177,0.478918116900229,5.26291835462009e-05,62,94.1208262635302,26.9639068878706,735,"MAJULI","ASSAM"
0.0316533281185319,0.00188130170035438,0.0481826387596934,0.230006247926294,0.01797583239599,0.283104121015313,0.00416154357199493,2.50064569942081,0.480289593171538,0.00119781937761483,89,94.6685418310677,26.9937287949526,739,"SIBSAGAR","ASSAM"
